"desc_unit_text","livello_rischio_radon","motivo"
"Ortogneiss ad albite e clorite","Alto","Roccia Madre: Materiale metamorfico o granitico, forte produzione di Uranio/Radio."
"Ortogneiss a biotite e plagioclasio","Alto","Roccia Madre: Materiale metamorfico o granitico, forte produzione di Uranio/Radio."
"Ortogneiss","Alto","Roccia Madre: Materiale metamorfico o granitico, forte produzione di Uranio/Radio."
"Migmatiti, ortogneiss, paragneiss, micascisti, leucograniti anatettici","Alto","Roccia Madre: Materiale metamorfico o granitico, forte produzione di Uranio/Radio."
"Migmatiti granitoidi ricche di inclusi poligenici","Alto","Roccia Madre: Materiale metamorfico o granitico, forte produzione di Uranio/Radio."
"Micascisti, paragneiss a quarzo, plagioclasio e mica bianca","Alto","Roccia Madre: Materiale metamorfico o granitico, forte produzione di Uranio/Radio."
"Marmi e rare quarziti","Alto","Roccia Madre: Materiale metamorfico o granitico, forte produzione di Uranio/Radio."
"Micascisti, paragneiss","Alto","Roccia Madre: Materiale metamorfico o granitico, forte produzione di Uranio/Radio."
"Marmi, marmi cloritici, dolomie, brecce e Calcescisti","Alto","Roccia Madre: Materiale metamorfico o granitico, forte produzione di Uranio/Radio."
"Micascisti, micascisti quarzosi, metaconglomerati e subordinati scisti grafitici","Alto","Roccia Madre: Materiale metamorfico o granitico, forte produzione di Uranio/Radio."
"Marmi, micascisti","Alto","Roccia Madre: Materiale metamorfico o granitico, forte produzione di Uranio/Radio."
"Marmi, quarziti, calcescistii","Alto","Roccia Madre: Materiale metamorfico o granitico, forte produzione di Uranio/Radio."
"Gneiss e micascisti","Alto","Roccia Madre: Materiale metamorfico o granitico, forte produzione di Uranio/Radio."
"Gneiss e micascisti a granato","Alto","Roccia Madre: Materiale metamorfico o granitico, forte produzione di Uranio/Radio."
"Gneiss e micascisti a granato e sillimanite","Alto","Roccia Madre: Materiale metamorfico o granitico, forte produzione di Uranio/Radio."
"Gneiss e micascisti a granato, con lenti di metabsiti e ortogneiss","Alto","Roccia Madre: Materiale metamorfico o granitico, forte produzione di Uranio/Radio."
"Gneiss e micascisti a relitti pre-alpini","Alto","Roccia Madre: Materiale metamorfico o granitico, forte produzione di Uranio/Radio."
"Gneiss e micascisti con grafite","Alto","Roccia Madre: Materiale metamorfico o granitico, forte produzione di Uranio/Radio."
"Gneiss e micascisti, quarzomicascisti, micascisti filladici e a cloritoide","Alto","Roccia Madre: Materiale metamorfico o granitico, forte produzione di Uranio/Radio."
"Gneiss minuti","Alto","Roccia Madre: Materiale metamorfico o granitico, forte produzione di Uranio/Radio."
"Gneiss minuti e micascisti","Alto","Roccia Madre: Materiale metamorfico o granitico, forte produzione di Uranio/Radio."
"Gneiss-micascisti-miloniti","Alto","Roccia Madre: Materiale metamorfico o granitico, forte produzione di Uranio/Radio."
"Graniti","Alto","Roccia Madre: Materiale metamorfico o granitico, forte produzione di Uranio/Radio."
"Graniti e granodioriti","Alto","Roccia Madre: Materiale metamorfico o granitico, forte produzione di Uranio/Radio."
"Graniti, gneiss e anatessiti","Alto","Roccia Madre: Materiale metamorfico o granitico, forte produzione di Uranio/Radio."
"Graniti, tonaliti e granodioriti ad ortopirosseno","Alto","Roccia Madre: Materiale metamorfico o granitico, forte produzione di Uranio/Radio."
"Granitoidi","Alto","Roccia Madre: Materiale metamorfico o granitico, forte produzione di Uranio/Radio."
"Granitoidi intrusi negli Scisti di Baceno","Alto","Roccia Madre: Materiale metamorfico o granitico, forte produzione di Uranio/Radio."
"Ortogneiss e paragneiss a chimismo acido, quarziti e quarzomicascisti, metaconglomerati quarzitici, metabasiti e lenti di marmi impuri","Alto","Roccia Madre: Materiale metamorfico o granitico, forte produzione di Uranio/Radio."
"Kinzigiti, scisti grafitici, pegmatiti, marmi","Alto","Roccia Madre: Materiale metamorfico o granitico, forte produzione di Uranio/Radio."
"Ortogneiss e metagranitoidi","Alto","Roccia Madre: Materiale metamorfico o granitico, forte produzione di Uranio/Radio."
"Ortogneiss e granitoidi","Alto","Roccia Madre: Materiale metamorfico o granitico, forte produzione di Uranio/Radio."
"Ortogneiss a giadeite, onfacite e fengite","Alto","Roccia Madre: Materiale metamorfico o granitico, forte produzione di Uranio/Radio."
"Serpentiniti, serpentinoscisti","Alto","Roccia Madre: Materiale metamorfico o granitico, forte produzione di Uranio/Radio."
"Serpentiniti, peridotiti serpentinizzate, serpentinoscisti e serpentiniti con associate brecce serpentinitiche e oficalciti","Alto","Roccia Madre: Materiale metamorfico o granitico, forte produzione di Uranio/Radio."
"arenarie e scisti neri","Alto","Roccia Madre: Materiale metamorfico o granitico, forte produzione di Uranio/Radio."
"Vulcaniti e successioni vulcanoclastiche monometamorfiche; rari micascisti con relitti mineralogici pre-Alpini","Alto","Roccia Madre: Materiale metamorfico o granitico, forte produzione di Uranio/Radio."
"Serpentinoscisti e serpentiniti","Alto","Roccia Madre: Materiale metamorfico o granitico, forte produzione di Uranio/Radio."
"Alternanza di argilloscisti e calcari","Alto","Roccia Madre: Materiale metamorfico o granitico, forte produzione di Uranio/Radio."
"Micascisti, gneiss","Alto","Roccia Madre: Materiale metamorfico o granitico, forte produzione di Uranio/Radio."
"Micascisti quarzoso-carbonatici con tessitura milonitica contenenti livelli di metabasiti, calcemicascisti e marmi impuri","Alto","Roccia Madre: Materiale metamorfico o granitico, forte produzione di Uranio/Radio."
"Micascisti fengitici a granato, cianite e giadeite","Alto","Roccia Madre: Materiale metamorfico o granitico, forte produzione di Uranio/Radio."
"Micascisti eclogitici, gneiss quarzitici, quarziti","Alto","Roccia Madre: Materiale metamorfico o granitico, forte produzione di Uranio/Radio."
"Micascisti eclogitici , gneiss quarzitici, quarziti","Alto","Roccia Madre: Materiale metamorfico o granitico, forte produzione di Uranio/Radio."
"Micascisti a granato e cloritoide, gneiss minuti, quarzomicascisti","Alto","Roccia Madre: Materiale metamorfico o granitico, forte produzione di Uranio/Radio."
"Micascisti","Alto","Roccia Madre: Materiale metamorfico o granitico, forte produzione di Uranio/Radio."
"Metasedimenti fini varicolori: filladi e micascisti grafitici, quarzoscisti, scisti a cloritoide","Alto","Roccia Madre: Materiale metamorfico o granitico, forte produzione di Uranio/Radio."
"Metaintrusivi tardo-varisici con composizione granitica e dioritca","Alto","Roccia Madre: Materiale metamorfico o granitico, forte produzione di Uranio/Radio."
"Scisti carbonatici, calcari marmorei","Alto","Roccia Madre: Materiale metamorfico o granitico, forte produzione di Uranio/Radio."
"Alternanze di scisti carbonatici prevalenti e quarzomicascisti con presenza di filladi nerastre","Alto","Roccia Madre: Materiale metamorfico o granitico, forte produzione di Uranio/Radio."
"Scisti carbonatici con locali intercalazioni di livelli quarzitici","Alto","Roccia Madre: Materiale metamorfico o granitico, forte produzione di Uranio/Radio."
"Argilloscisti e quarziti","Alto","Roccia Madre: Materiale metamorfico o granitico, forte produzione di Uranio/Radio."
"Argilloscisti filladici scuri con intercalazioni di metasiltiti","Alto","Roccia Madre: Materiale metamorfico o granitico, forte produzione di Uranio/Radio."
"Scisti calcarei localmente marmorizzati","Alto","Roccia Madre: Materiale metamorfico o granitico, forte produzione di Uranio/Radio."
"Quarzomicascisti, quarziti conglomeratiche","Alto","Roccia Madre: Materiale metamorfico o granitico, forte produzione di Uranio/Radio."
"Quarziti, quarziti conglomeratiche","Alto","Roccia Madre: Materiale metamorfico o granitico, forte produzione di Uranio/Radio."
"Quarziti, metapeliti, dolomie e marmi impuri","Alto","Roccia Madre: Materiale metamorfico o granitico, forte produzione di Uranio/Radio."
"Quarziti listate varicolori, quarziti con associati livelli di marmi chiari","Alto","Roccia Madre: Materiale metamorfico o granitico, forte produzione di Uranio/Radio."
"quarzoscisti e scisti sericitici","Alto","Roccia Madre: Materiale metamorfico o granitico, forte produzione di Uranio/Radio."
"Quarziti e quarzo-micascisti","Alto","Roccia Madre: Materiale metamorfico o granitico, forte produzione di Uranio/Radio."
"Brecce e quarziti","Alto","Roccia Madre: Materiale metamorfico o granitico, forte produzione di Uranio/Radio."
"Quarziti e micascisti","Alto","Roccia Madre: Materiale metamorfico o granitico, forte produzione di Uranio/Radio."
"Scisti, metabasiti","Alto","Roccia Madre: Materiale metamorfico o granitico, forte produzione di Uranio/Radio."
"Quarziti","Alto","Roccia Madre: Materiale metamorfico o granitico, forte produzione di Uranio/Radio."
"Prevalenti marmi e calcescisti con varie intercalazioni di brecce","Alto","Roccia Madre: Materiale metamorfico o granitico, forte produzione di Uranio/Radio."
"Prevalenti marmi e calcescisti con intercalazioni di brecce","Alto","Roccia Madre: Materiale metamorfico o granitico, forte produzione di Uranio/Radio."
"Prasiniti, anfiboliti, gneiss anfibolici","Alto","Roccia Madre: Materiale metamorfico o granitico, forte produzione di Uranio/Radio."
"Calcari fossiliferi e scisti pelitici","Alto","Roccia Madre: Materiale metamorfico o granitico, forte produzione di Uranio/Radio."
"Calcari marmorei, metadolomie, calcescisti e micascisti","Alto","Roccia Madre: Materiale metamorfico o granitico, forte produzione di Uranio/Radio."
"Prasiniti massicce a tessitura ocellare, prasiniti listate, anfiboliti e cloritoscisti","Alto","Roccia Madre: Materiale metamorfico o granitico, forte produzione di Uranio/Radio."
"Paragneiss, peridotiti, serpentiniti","Alto","Roccia Madre: Materiale metamorfico o granitico, forte produzione di Uranio/Radio."
"Paragneiss, micascisti, ortogneiss, anfiboliti","Alto","Roccia Madre: Materiale metamorfico o granitico, forte produzione di Uranio/Radio."
"Calcari ricristallizzati e filladi scure","Alto","Roccia Madre: Materiale metamorfico o granitico, forte produzione di Uranio/Radio."
"Paragneiss, micascisti, ortogneiss","Alto","Roccia Madre: Materiale metamorfico o granitico, forte produzione di Uranio/Radio."
"Calcascisti","Alto","Roccia Madre: Materiale metamorfico o granitico, forte produzione di Uranio/Radio."
"Calcescisti","Alto","Roccia Madre: Materiale metamorfico o granitico, forte produzione di Uranio/Radio."
"Calcescisti con brecce e quarzti","Alto","Roccia Madre: Materiale metamorfico o granitico, forte produzione di Uranio/Radio."
"Calcescisti e brecce","Alto","Roccia Madre: Materiale metamorfico o granitico, forte produzione di Uranio/Radio."
"Calcescisti e calcemicascisti filladici","Alto","Roccia Madre: Materiale metamorfico o granitico, forte produzione di Uranio/Radio."
"Calcescisti e calcescisti filladici","Alto","Roccia Madre: Materiale metamorfico o granitico, forte produzione di Uranio/Radio."
"Calcescisti e calcescisti marmorei pis filladici verso laalto, con intercalazioni di quarzomicascisti e quarziti","Alto","Roccia Madre: Materiale metamorfico o granitico, forte produzione di Uranio/Radio."
"Calcescisti e calcescisti marmorei pis filladici verso lealto, con intercalazioni di quarzomicascisti e quarziti","Alto","Roccia Madre: Materiale metamorfico o granitico, forte produzione di Uranio/Radio."
"Calcescisti e calcescisti marmorei pis filladici verso lmalto, con intercalazioni di quarzomicascisti e quarziti","Alto","Roccia Madre: Materiale metamorfico o granitico, forte produzione di Uranio/Radio."
"Calcescisti e calcescisti marmorei pis filladici verso lnalto, con intercalazioni di quarzomicascisti e quarziti","Alto","Roccia Madre: Materiale metamorfico o granitico, forte produzione di Uranio/Radio."
"Calcescisti e calcescisti marmorei pis filladici verso ltalto, con intercalazioni di quarzomicascisti e quarziti","Alto","Roccia Madre: Materiale metamorfico o granitico, forte produzione di Uranio/Radio."
"Calcescisti e filladi","Alto","Roccia Madre: Materiale metamorfico o granitico, forte produzione di Uranio/Radio."
"Calcescisti e livelli di quarziti e micascisti","Alto","Roccia Madre: Materiale metamorfico o granitico, forte produzione di Uranio/Radio."
"Calcescisti e marmi","Alto","Roccia Madre: Materiale metamorfico o granitico, forte produzione di Uranio/Radio."
"Calcescisti e marmi silicei ad ankerite e brecce","Alto","Roccia Madre: Materiale metamorfico o granitico, forte produzione di Uranio/Radio."
"Calcescisti e quarziti micacee","Alto","Roccia Madre: Materiale metamorfico o granitico, forte produzione di Uranio/Radio."
"Calcescisti e scisti filladici","Alto","Roccia Madre: Materiale metamorfico o granitico, forte produzione di Uranio/Radio."
"Calcescisti marmorei talora con brecce","Alto","Roccia Madre: Materiale metamorfico o granitico, forte produzione di Uranio/Radio."
"Calcescisti, calcemicascisti cloritici con prasiniti","Alto","Roccia Madre: Materiale metamorfico o granitico, forte produzione di Uranio/Radio."
"Calcescisti, micascisti, rocce carbonatiche","Alto","Roccia Madre: Materiale metamorfico o granitico, forte produzione di Uranio/Radio."
"Scisti laminati","Alto","Roccia Madre: Materiale metamorfico o granitico, forte produzione di Uranio/Radio."
"Scisti filladici argillosi e calcarei, con livelli di marmi","Alto","Roccia Madre: Materiale metamorfico o granitico, forte produzione di Uranio/Radio."
"Paragneiss migmatitici","Alto","Roccia Madre: Materiale metamorfico o granitico, forte produzione di Uranio/Radio."
"Ortogneiss, paragneiss, micascisti","Alto","Roccia Madre: Materiale metamorfico o granitico, forte produzione di Uranio/Radio."
"Ortogneiss occhiadini a fengite e granato; meta-granitoidi a giadeite ed ex-coesite; ortogneiss minuto a miche e granato; scisti bianchi a relitti di coesite; metapeliti a giadeite; rare eclogiti","Alto","Roccia Madre: Materiale metamorfico o granitico, forte produzione di Uranio/Radio."
"Ortogneiss in facies scisti verdi derivanti da granitoidi di probabile ett permiana","Alto","Roccia Madre: Materiale metamorfico o granitico, forte produzione di Uranio/Radio."
"Ortogneiss in facies scisti verdi derivanti da granitoidi di probabile etr permiana","Alto","Roccia Madre: Materiale metamorfico o granitico, forte produzione di Uranio/Radio."
"Eclogiti, scisti a glaucofane","Alto","Roccia Madre: Materiale metamorfico o granitico, forte produzione di Uranio/Radio."
"Ortogneiss in facies scisti verdi derivanti da granitoidi di probabile eto permiana","Alto","Roccia Madre: Materiale metamorfico o granitico, forte produzione di Uranio/Radio."
"Ortogneiss in facies scisti verdi derivanti da granitoidi di probabile eti permiana","Alto","Roccia Madre: Materiale metamorfico o granitico, forte produzione di Uranio/Radio."
"Filladi con intercalazioni di calcari","Alto","Roccia Madre: Materiale metamorfico o granitico, forte produzione di Uranio/Radio."
"Filladi e filladi carboniose, gneiss e micascisti","Alto","Roccia Madre: Materiale metamorfico o granitico, forte produzione di Uranio/Radio."
"Ortogneiss in facies scisti verdi derivanti da granitoidi di probabile ete permiana","Alto","Roccia Madre: Materiale metamorfico o granitico, forte produzione di Uranio/Radio."
"Ortogneiss in facies scisti verdi derivanti da granitoidi di probabile etc permiana","Alto","Roccia Madre: Materiale metamorfico o granitico, forte produzione di Uranio/Radio."
"Ortogneiss in facies scisti verdi derivanti da granitoidi di probabile et  permiana","Alto","Roccia Madre: Materiale metamorfico o granitico, forte produzione di Uranio/Radio."
"Ortogneiss in facies scisti verdi derivanti da granitoidi di probabile et","Alto","Roccia Madre: Materiale metamorfico o granitico, forte produzione di Uranio/Radio."
"Anfiboliti, paragneiss e micascisti","Alto","Roccia Madre: Materiale metamorfico o granitico, forte produzione di Uranio/Radio."
"brecce e quarziti","Alto","Roccia Madre: Materiale metamorfico o granitico, forte produzione di Uranio/Radio."
"Gneiss","Alto","Roccia Madre: Materiale metamorfico o granitico, forte produzione di Uranio/Radio."
"Gneiss a grana da fine a media a biotite, K-feldspato ed oligoclasio","Alto","Roccia Madre: Materiale metamorfico o granitico, forte produzione di Uranio/Radio."
"Gneiss a grana fine, con livelli di anfiboliti","Alto","Roccia Madre: Materiale metamorfico o granitico, forte produzione di Uranio/Radio."
"Gneiss ad anfibolo e gneiss dioritici","Alto","Roccia Madre: Materiale metamorfico o granitico, forte produzione di Uranio/Radio."
"Gneiss albitici a K-feldspato","Alto","Roccia Madre: Materiale metamorfico o granitico, forte produzione di Uranio/Radio."
"Gneiss aplitico","Alto","Roccia Madre: Materiale metamorfico o granitico, forte produzione di Uranio/Radio."
"Marne calcaree","Basso","Permeabilità: Bassa. Materiale a grana fine che blocca la risalita del gas."
"Argille scagliose, peliti violacee, nere  e verdastre","Basso","Permeabilità: Bassa. Materiale a grana fine che blocca la risalita del gas."
"Marne calcaree. Alla base livelli di areniti ibride a glauconia e biocalcareniti. Al tetto livelli silicizzati","Basso","Permeabilità: Bassa. Materiale a grana fine che blocca la risalita del gas."
"Marne e marne argillose con locali livelli siltoso arenitici","Basso","Permeabilità: Bassa. Materiale a grana fine che blocca la risalita del gas."
"Marne e marne siltose con locali intercalazioni arenacee","Basso","Permeabilità: Bassa. Materiale a grana fine che blocca la risalita del gas."
"Marne e marne siltose.","Basso","Permeabilità: Bassa. Materiale a grana fine che blocca la risalita del gas."
"Alternanze di siltiti e areniti fini-medie, e argilliti","Basso","Permeabilità: Bassa. Materiale a grana fine che blocca la risalita del gas."
"Argilliti e siltiti viola e verdi con intercalazioni di quarzareniti fini. Quarzareniti laminate a grande scala","Basso","Permeabilità: Bassa. Materiale a grana fine che blocca la risalita del gas."
"Marne siltose con sottili livelli arenitici","Basso","Permeabilità: Bassa. Materiale a grana fine che blocca la risalita del gas."
"Alternanze di calcareniti silicoclastiche, marne, marne calcaree e argilliti","Basso","Permeabilità: Bassa. Materiale a grana fine che blocca la risalita del gas."
"Marne, marne siltose e argille.","Basso","Permeabilità: Bassa. Materiale a grana fine che blocca la risalita del gas."
"Alternanze di calcari marnosi in strati spessi e molto spessi e argilliti di colore scuro; argille varicolori","Basso","Permeabilità: Bassa. Materiale a grana fine che blocca la risalita del gas."
"Calcari micritici scuri con belemniti. Calcareniti e calciruditi. Marne con intercalazioni di calcareniti o brecce. Calcari marnosi bioturbati","Basso","Permeabilità: Bassa. Materiale a grana fine che blocca la risalita del gas."
"Alternanze di marne e marne silicizzate","Basso","Permeabilità: Bassa. Materiale a grana fine che blocca la risalita del gas."
"Alternanze di marne e marne silicizzate con locali livelli arenacei","Basso","Permeabilità: Bassa. Materiale a grana fine che blocca la risalita del gas."
"Biocalcareniti e biocalciruditi; areniti ibride a glauconia; marne calcaree","Basso","Permeabilità: Bassa. Materiale a grana fine che blocca la risalita del gas."
"Alternanze di marne silicizzate e livelli arenacei","Basso","Permeabilità: Bassa. Materiale a grana fine che blocca la risalita del gas."
"Areniti ibride e marne con sottili intercalazioni arenacee","Basso","Permeabilità: Bassa. Materiale a grana fine che blocca la risalita del gas."
"Alternanze di litareniti fini e medie e di marne siltose","Basso","Permeabilità: Bassa. Materiale a grana fine che blocca la risalita del gas."
"Areniti, areniti ibride, calcareniti e siltiti","Basso","Permeabilità: Bassa. Materiale a grana fine che blocca la risalita del gas."
"Calcari,Calcari selciferi, marne, brecce calcaree","Basso","Permeabilità: Bassa. Materiale a grana fine che blocca la risalita del gas."
"Arenarie medio-grossolane massive con sottili livelli pelitici.","Medio","Permeabilità: Alta. Materiale grossolano che facilita la risalita del gas."
"Alternanza di conglomerati, microconglomerati e areniti bioturbate, con rari livelli marnoso-pelitici.","Medio","Permeabilità: Alta. Materiale grossolano che facilita la risalita del gas."
"Alternanze calcareo-marnose con locali livelli di arenarie silicoclastiche o calcareniti. Marne nere.","Medio","Permeabilità: Alta. Materiale grossolano che facilita la risalita del gas."
"Alternanze di arenarie silicoclastiche e peliti","Medio","Permeabilità: Alta. Materiale grossolano che facilita la risalita del gas."
"Alternanze di argille, calcari marnosi, calcari micritici, arenarie e calcareniti","Medio","Permeabilità: Alta. Materiale grossolano che facilita la risalita del gas."
"Alternanze di calcari marnosi, arenarie e argilliti","Medio","Permeabilità: Alta. Materiale grossolano che facilita la risalita del gas."
"Alternanze di conglomerati, sabbie e siliti","Medio","Permeabilità: Alta. Materiale grossolano che facilita la risalita del gas."
"Alternanze ritmiche di arenarie, peliti e calcari in strati metrici. Alternanze di arenarie grossolane, conglomerati e argillitii.","Medio","Permeabilità: Alta. Materiale grossolano che facilita la risalita del gas."
"Arenarie alternate localmente a calcari marnosi e argilliti","Medio","Permeabilità: Alta. Materiale grossolano che facilita la risalita del gas."
"Arenarie con locali interstrati pelitici","Medio","Permeabilità: Alta. Materiale grossolano che facilita la risalita del gas."
"Arenarie da medie a fini con locali livelli pelitici","Medio","Permeabilità: Alta. Materiale grossolano che facilita la risalita del gas."
"Arenarie e arenarie conglomeratiche localmente alternate a sottili livelli pelitici","Medio","Permeabilità: Alta. Materiale grossolano che facilita la risalita del gas."
"Arenarie e arenarie conglomeratiche localmente alternate a sottili livelli pelitici.","Medio","Permeabilità: Alta. Materiale grossolano che facilita la risalita del gas."
"Arenarie e conglomerati","Medio","Permeabilità: Alta. Materiale grossolano che facilita la risalita del gas."
"Arenarie medie e grossolane bioturbate, conglomerati","Medio","Permeabilità: Alta. Materiale grossolano che facilita la risalita del gas."
"Arenarie medio-grossolane massive con sottili livelli pelitici","Medio","Permeabilità: Alta. Materiale grossolano che facilita la risalita del gas."
"Arenarie vulcanoclastiche","Medio","Permeabilità: Alta. Materiale grossolano che facilita la risalita del gas."
"Arenarie, alternanze arenaceo-pelitiche, marne","Medio","Permeabilità: Alta. Materiale grossolano che facilita la risalita del gas."
"Arenarie, locali corpi conglomeratici e alternanze arenaceo-pelitiche","Medio","Permeabilità: Alta. Materiale grossolano che facilita la risalita del gas."
"Areniti e conglomerati","Medio","Permeabilità: Alta. Materiale grossolano che facilita la risalita del gas."
"Areniti, conglomerati e calcareniti a macroforaminiferi","Medio","Permeabilità: Alta. Materiale grossolano che facilita la risalita del gas."
"Argille varicolori inglobanti blocchi di calcari mesozoici, calcareniti, serpentiniti e corpi lenticolari di ortoconglomerati a ciottoli di carbonati","Medio","Permeabilità: Alta. Materiale grossolano che facilita la risalita del gas."
"Blocchi di calcari marnosi, calcsiltiti, calcari micritici, marne e arenarie in una matrice costituita da peliti e marne argillose foliate","Medio","Permeabilità: Alta. Materiale grossolano che facilita la risalita del gas."
"Brecce, conglomerati, areniti fossilifere bioturbate.","Medio","Permeabilità: Alta. Materiale grossolano che facilita la risalita del gas."
"Conglomerati e areniti.","Medio","Permeabilità: Alta. Materiale grossolano che facilita la risalita del gas."
"Conglomerati grossolani a matrice arenacea; nella parte superiore marne calcaree con intercalazioni di marne silicizzate","Medio","Permeabilità: Alta. Materiale grossolano che facilita la risalita del gas."
"Ghiaie e sabbie","Medio","Permeabilità: Alta. Materiale grossolano che facilita la risalita del gas."
"Ghiaie, sabbie e subordinate argille","Medio","Permeabilità: Alta. Materiale grossolano che facilita la risalita del gas."
"Marne calcaree con intercalazioni di arenarie e calcareniti.","Medio","Permeabilità: Alta. Materiale grossolano che facilita la risalita del gas."
"Marne ricche di foraminiferi planctonici. Areniti bioclastiche e calcari a macroforaminiferi. Conglomerati e peliti con Microcodium","Medio","Permeabilità: Alta. Materiale grossolano che facilita la risalita del gas."
"Marne siltose con intercalati corpi arenaceo-conglomeratici e paraconglomeratici.","Medio","Permeabilità: Alta. Materiale grossolano che facilita la risalita del gas."
"Marne siltose e siltiti con intercalate litoareniti e corpi conglomeratici. Marne calcaree e marne silicizzate","Medio","Permeabilità: Alta. Materiale grossolano che facilita la risalita del gas."
"Marne, marne siltose ed arenarie","Medio","Permeabilità: Alta. Materiale grossolano che facilita la risalita del gas."
"Marne, marne siltose, silt e sabbie","Medio","Permeabilità: Alta. Materiale grossolano che facilita la risalita del gas."
"Marne, marne siltose, silt, sabbie e ghiaie","Medio","Permeabilità: Alta. Materiale grossolano che facilita la risalita del gas."
"Marne, peliti ed arenarie ad alto contenuto di silice","Medio","Permeabilità: Alta. Materiale grossolano che facilita la risalita del gas."
"Metaconglomerati e metaarenarie","Medio","Permeabilità: Alta. Materiale grossolano che facilita la risalita del gas."
"Metarenarie, metaconglomerati","Medio","Permeabilità: Alta. Materiale grossolano che facilita la risalita del gas."
"Rudstone e grainstone a bioclasti, arenarie bioclastiche,livelli di  diatomiti, spongoliti e marne dolomitiche","Medio","Permeabilità: Alta. Materiale grossolano che facilita la risalita del gas."
"Sabbie e ghiaie","Medio","Permeabilità: Alta. Materiale grossolano che facilita la risalita del gas."
"Sabbie e sabbie ghiaiose","Medio","Permeabilità: Alta. Materiale grossolano che facilita la risalita del gas."
"Sabbie e silt","Medio","Permeabilità: Alta. Materiale grossolano che facilita la risalita del gas."
"Sabbie ghiaiose e siltiti","Medio","Permeabilità: Alta. Materiale grossolano che facilita la risalita del gas."
"Sabbie medio-grossolane con livelli di conglomerati","Medio","Permeabilità: Alta. Materiale grossolano che facilita la risalita del gas."
"Sabbie medio-grossolane e arenarie alternate a marne argillose","Medio","Permeabilità: Alta. Materiale grossolano che facilita la risalita del gas."
"Sabbie, ghiaie e argille","Medio","Permeabilità: Alta. Materiale grossolano che facilita la risalita del gas."
"Sabbie, sabbie ghiaiose e silt argillosi","Medio","Permeabilità: Alta. Materiale grossolano che facilita la risalita del gas."
"Silt, sabbie e ghiaie","Medio","Permeabilità: Alta. Materiale grossolano che facilita la risalita del gas."
"andesiti, piroclastiti, conglomerati","Medio","Permeabilità: Alta. Materiale grossolano che facilita la risalita del gas."
"Marmi, dolomie","Medio/Sconosciuto","Classificazione incerta. Necessaria verifica manuale."
"Marmi e metadolomie","Medio/Sconosciuto","Classificazione incerta. Necessaria verifica manuale."
"Migmatiti","Medio/Sconosciuto","Classificazione incerta. Necessaria verifica manuale."
"Marmi e dolomie cariati e carniolizzati","Medio/Sconosciuto","Classificazione incerta. Necessaria verifica manuale."
"Marmi e dolomie","Medio/Sconosciuto","Classificazione incerta. Necessaria verifica manuale."
"Miloniti e filloniti orto- e parametamorfiche","Medio/Sconosciuto","Classificazione incerta. Necessaria verifica manuale."
"Monzoniti","Medio/Sconosciuto","Classificazione incerta. Necessaria verifica manuale."
"Marmi e calcari marmorei","Medio/Sconosciuto","Classificazione incerta. Necessaria verifica manuale."
"Marmi con relitti di minerali prealpini","Medio/Sconosciuto","Classificazione incerta. Necessaria verifica manuale."
"Marmi ad onfacite","Medio/Sconosciuto","Classificazione incerta. Necessaria verifica manuale."
"Marmi a silicati","Medio/Sconosciuto","Classificazione incerta. Necessaria verifica manuale."
"Marmi","Medio/Sconosciuto","Classificazione incerta. Necessaria verifica manuale."
"Livelli marmorei con brecce","Medio/Sconosciuto","Classificazione incerta. Necessaria verifica manuale."
"Granodioriti e granuliti acide (stronaliti Auct.)","Medio/Sconosciuto","Classificazione incerta. Necessaria verifica manuale."
"Gessi selenitici ""branching"" e bandati","Medio/Sconosciuto","Classificazione incerta. Necessaria verifica manuale."
"Gessi","Medio/Sconosciuto","Classificazione incerta. Necessaria verifica manuale."
"Gabbri, serpentiniti","Medio/Sconosciuto","Classificazione incerta. Necessaria verifica manuale."
"Gabbri","Medio/Sconosciuto","Classificazione incerta. Necessaria verifica manuale."
"FIlloniti, miloniti e cataclasiti","Medio/Sconosciuto","Classificazione incerta. Necessaria verifica manuale."
"Encriniti, calcari micritici chiari locamente con struttura nodulare. Calcari micritici scuri localmente bioclastici alla base.","Medio/Sconosciuto","Classificazione incerta. Necessaria verifica manuale."
"Duniti, Harzburgiti, Websteriti","Medio/Sconosciuto","Classificazione incerta. Necessaria verifica manuale."
"Dolomie, calcari","Medio/Sconosciuto","Classificazione incerta. Necessaria verifica manuale."
"Dolomie e calcari dolomitici","Medio/Sconosciuto","Classificazione incerta. Necessaria verifica manuale."
"Dolomie","Medio/Sconosciuto","Classificazione incerta. Necessaria verifica manuale."
"Paraconglomerato ad abbondante matrice marnoso-argillosa e livelli sabbiosi","Medio/Sconosciuto","Classificazione incerta. Necessaria verifica manuale."
"Paraderivati migmatitici","Medio/Sconosciuto","Classificazione incerta. Necessaria verifica manuale."
"Dioriti","Medio/Sconosciuto","Classificazione incerta. Necessaria verifica manuale."
"Calcari, dolomie","Medio/Sconosciuto","Classificazione incerta. Necessaria verifica manuale."
"Calcari ricristallizzati","Medio/Sconosciuto","Classificazione incerta. Necessaria verifica manuale."
"Calcari nodulari ricristallizzati","Medio/Sconosciuto","Classificazione incerta. Necessaria verifica manuale."
"Peliti euxiniche laminate","Medio/Sconosciuto","Classificazione incerta. Necessaria verifica manuale."
"Peliti varicolori. Dolomie massive, laminate e brecciate con cavita da dissoluzione di minerali evaporitici. Calcari micritici scuri.","Medio/Sconosciuto","Classificazione incerta. Necessaria verifica manuale."
"Peridotiti e peridotiti lherzolitiche","Medio/Sconosciuto","Classificazione incerta. Necessaria verifica manuale."
"Peridotiti serpentinizzate","Medio/Sconosciuto","Classificazione incerta. Necessaria verifica manuale."
"Peridotiti serpentinizzate e brecciate, oficalci e filoni albititici","Medio/Sconosciuto","Classificazione incerta. Necessaria verifica manuale."
"Peridotiti, Serpentiniti ed oficalciti delle Alpi Lepontine, delle Alpi Cozie e Graie, e delle Alpi Liguri","Medio/Sconosciuto","Classificazione incerta. Necessaria verifica manuale."
"Peridotiti, pirosseniti, gabbri, anortositi","Medio/Sconosciuto","Classificazione incerta. Necessaria verifica manuale."
"Prasiniti","Medio/Sconosciuto","Classificazione incerta. Necessaria verifica manuale."
"Prasiniti e metabasiti","Medio/Sconosciuto","Classificazione incerta. Necessaria verifica manuale."
"Prasiniti listate, metadioriti","Medio/Sconosciuto","Classificazione incerta. Necessaria verifica manuale."
"Calcari micritici scuri con belemniti, Calcari fossiliferi chiari, in parte dolomitizzati","Medio/Sconosciuto","Classificazione incerta. Necessaria verifica manuale."
"Prasiniti, anfiboliti","Medio/Sconosciuto","Classificazione incerta. Necessaria verifica manuale."
"Calcari e marmi","Medio/Sconosciuto","Classificazione incerta. Necessaria verifica manuale."
"Prasiniti, metadioriti","Medio/Sconosciuto","Classificazione incerta. Necessaria verifica manuale."
"Prasiniti, metadioriti ed anfiboliti a paragenesi pre-alpina preservata","Medio/Sconosciuto","Classificazione incerta. Necessaria verifica manuale."
"Calcari cristallini","Medio/Sconosciuto","Classificazione incerta. Necessaria verifica manuale."
"Calcari","Medio/Sconosciuto","Classificazione incerta. Necessaria verifica manuale."
"Quarzareniti","Medio/Sconosciuto","Classificazione incerta. Necessaria verifica manuale."
"Calcareniti ed areniti ibride a glauconia. Al tetto livelli silicizzati","Medio/Sconosciuto","Classificazione incerta. Necessaria verifica manuale."
"Brecce poligeniche a cemento carbonatico e clasti subangolosi, localizzate lungo contatti tettonici","Medio/Sconosciuto","Classificazione incerta. Necessaria verifica manuale."
"Blocchi di gessi primari (selenitci), gesso-areniti, carbonati e zolle di sedimenti marnoso-pelitici nonconsolidati, con subordinata 'matrice'; gesso-ruditi passanti a gesso-areniti","Medio/Sconosciuto","Classificazione incerta. Necessaria verifica manuale."
"Blocchi di areniti, areniti ibride e calcareniti immersi in una matrice costituita da brecce clast-supported","Medio/Sconosciuto","Classificazione incerta. Necessaria verifica manuale."
"Biocalcareniti e biocalciruditi; areniti ibride a glauconia","Medio/Sconosciuto","Classificazione incerta. Necessaria verifica manuale."
"Basalti a pillow e brecce basaltiche","Medio/Sconosciuto","Classificazione incerta. Necessaria verifica manuale."
"Basalti","Medio/Sconosciuto","Classificazione incerta. Necessaria verifica manuale."
"Rioliti e depositi vulcanoclastici","Medio/Sconosciuto","Classificazione incerta. Necessaria verifica manuale."
"Rocce metasomatiche di origine idrotermale derivanti dalla trasformazione di protoliti sedimentari","Medio/Sconosciuto","Classificazione incerta. Necessaria verifica manuale."
"Vulcaniti, vulcanoclastiti","Medio/Sconosciuto","Classificazione incerta. Necessaria verifica manuale."
"Vulcaniti, vulcanoclastitti","Medio/Sconosciuto","Classificazione incerta. Necessaria verifica manuale."
"Vulcanoclastiti e conglomerato basale","Medio/Sconosciuto","Classificazione incerta. Necessaria verifica manuale."
"Alternanze arenaceo-marnose","Medio/Sconosciuto","Classificazione incerta. Necessaria verifica manuale."
"anfiboliti, prasiniti","Medio/Sconosciuto","Classificazione incerta. Necessaria verifica manuale."
"Alternanze arenaceo-pelitiche con A/P>>1. Alternanze arenaceo- pelitiche con A/P<1","Medio/Sconosciuto","Classificazione incerta. Necessaria verifica manuale."
"Alternanze arenaceo-pelitiche","Medio/Sconosciuto","Classificazione incerta. Necessaria verifica manuale."
"calcari","Medio/Sconosciuto","Classificazione incerta. Necessaria verifica manuale."
"dioriti","Medio/Sconosciuto","Classificazione incerta. Necessaria verifica manuale."
"Scaglie di calcari dolomitici e Dolomie triassiche","Medio/Sconosciuto","Classificazione incerta. Necessaria verifica manuale."
"Scaglie di calcari dolomitici e dolomie triassiche","Medio/Sconosciuto","Classificazione incerta. Necessaria verifica manuale."
"Aureole di contatto metamorfico","Medio/Sconosciuto","Classificazione incerta. Necessaria verifica manuale."
"Argilliti grigio scure e rosse contenenti blocchi di calcari marnosi, calcari a calpionelle, ofioliti","Medio/Sconosciuto","Classificazione incerta. Necessaria verifica manuale."
"Areniti con locali intercalazioni pelitiche","Medio/Sconosciuto","Classificazione incerta. Necessaria verifica manuale."
"Anfiboliti migmatitiche con relitti di eclogiti e granuliti","Medio/Sconosciuto","Classificazione incerta. Necessaria verifica manuale."
"Anfiboliti migmatitiche a relitti di alta pressione (eclogiti-granuliti)","Medio/Sconosciuto","Classificazione incerta. Necessaria verifica manuale."
"Anfiboliti","Medio/Sconosciuto","Classificazione incerta. Necessaria verifica manuale."
"Serpentiniti","Medio/Sconosciuto","Classificazione incerta. Necessaria verifica manuale."
"Serpentiniti antigoritiche con crisotilo","Medio/Sconosciuto","Classificazione incerta. Necessaria verifica manuale."
"Serpentiniti ed oficalciti","Medio/Sconosciuto","Classificazione incerta. Necessaria verifica manuale."
"Alternanze di areniti e peliti con A/P>1","Medio/Sconosciuto","Classificazione incerta. Necessaria verifica manuale."
"Alternanze di areniti e peliti con A/P<1","Medio/Sconosciuto","Classificazione incerta. Necessaria verifica manuale."
"Alternanze calcareo-marnose con hard ground mineralizzati alla base","Medio/Sconosciuto","Classificazione incerta. Necessaria verifica manuale."
"Sieniti","Medio/Sconosciuto","Classificazione incerta. Necessaria verifica manuale."
"gabbri, granuliti basiche","Medio/Sconosciuto","Classificazione incerta. Necessaria verifica manuale."
"Tonaliti","Medio/Sconosciuto","Classificazione incerta. Necessaria verifica manuale."
"Metagabbri, eclogiti","Medio/Sconosciuto","Classificazione incerta. Necessaria verifica manuale."
"Alternanze arenaceo-pelitiche.","Medio/Sconosciuto","Classificazione incerta. Necessaria verifica manuale."
"Metarioliti, metadaciti, porfiroidi","Medio/Sconosciuto","Classificazione incerta. Necessaria verifica manuale."
"Metagabbri delle Alpi Lepontine, delle Alpi Cozie e Graie, e delle Alpi Liguri","Medio/Sconosciuto","Classificazione incerta. Necessaria verifica manuale."
"Metagabbri con filoni basaltici","Medio/Sconosciuto","Classificazione incerta. Necessaria verifica manuale."
"Metagabbri","Medio/Sconosciuto","Classificazione incerta. Necessaria verifica manuale."
"Metadolomie e marmi con locali intercalazioni di brecce a cemento carbonatico","Medio/Sconosciuto","Classificazione incerta. Necessaria verifica manuale."
"Metadolomie","Medio/Sconosciuto","Classificazione incerta. Necessaria verifica manuale."
"Metabasiti ad orneblenda, granato e plagioclasio, con lenti di eclogiti","Medio/Sconosciuto","Classificazione incerta. Necessaria verifica manuale."
"Metabasalti, localmente con struttura a cuscini","Medio/Sconosciuto","Classificazione incerta. Necessaria verifica manuale."
"Meta andesiti e prasiniti","Medio/Sconosciuto","Classificazione incerta. Necessaria verifica manuale."
"Marmi, metadolomie","Medio/Sconosciuto","Classificazione incerta. Necessaria verifica manuale."
